{
    "companies": [
      {"Google": ["Software Engineer", "Data Scientist", "Product Manager", "Cloud Engineer", "AI Researcher"]},
      {"Microsoft": ["Software Developer", "AI Engineer", "Cybersecurity Analyst", "DevOps Engineer", "UX Designer"]},
      {"Amazon": ["Backend Developer", "Data Engineer", "Solutions Architect", "Cloud Security Engineer", "ML Engineer"]},
      {"Apple": ["iOS Developer", "Hardware Engineer", "Software Engineer", "UX/UI Designer", "Embedded Systems Engineer"]},
      {"Meta": ["Frontend Developer", "Blockchain Engineer", "AI Engineer", "Software Engineer", "Security Engineer"]},
      {"Netflix": ["Software Engineer", "Data Analyst", "Site Reliability Engineer", "AI Researcher", "Full Stack Developer"]},
      {"Tesla": ["Autonomous Driving Engineer", "Embedded Systems Engineer", "Software Engineer", "AI Researcher", "Data Scientist"]},
      {"IBM": ["Machine Learning Engineer", "Software Developer", "Cloud Engineer", "Quantum Computing Researcher", "Cybersecurity Expert"]},
      {"Adobe": ["Frontend Developer", "Software Engineer", "Data Scientist", "UI/UX Designer", "DevOps Engineer"]},
      {"Oracle": ["Database Administrator", "Software Engineer", "Cloud Engineer", "AI Researcher", "Security Analyst"]},
      {"Intel": ["Chip Design Engineer", "Embedded Systems Engineer", "Software Engineer", "Data Scientist", "AI Researcher"]},
      {"Salesforce": ["CRM Developer", "Software Engineer", "Cloud Engineer", "Data Scientist", "Security Engineer"]},
      {"Twitter": ["Frontend Developer", "Backend Developer", "Data Engineer", "Software Engineer", "ML Engineer"]},
      {"Uber": ["Mobile App Developer", "Data Scientist", "Software Engineer", "Cloud Engineer", "Security Engineer"]},
      {"Spotify": ["AI Engineer", "Software Engineer", "Data Scientist", "ML Engineer", "Backend Developer"]},
      {"LinkedIn": ["Software Engineer", "Data Engineer", "AI Researcher", "Product Manager", "Security Analyst"]},
      {"Samsung": ["Embedded Software Engineer", "AI Engineer", "Software Developer", "Hardware Engineer", "Cloud Engineer"]},
      {"Cisco": ["Network Engineer", "Cybersecurity Analyst", "Software Engineer", "Cloud Engineer", "DevOps Engineer"]},
      {"Dell": ["Software Developer", "Cloud Architect", "Cybersecurity Expert", "Data Scientist", "Product Manager"]},
      {"HP": ["Software Engineer", "AI Engineer", "Cloud Engineer", "Security Researcher", "Product Designer"]},
      {"Dropbox": ["Software Engineer", "Frontend Developer", "Security Engineer", "Cloud Architect", "AI Engineer"]},
      {"Red Hat": ["DevOps Engineer", "Open Source Developer", "Software Engineer", "Cloud Engineer", "Security Analyst"]},
      {"VMware": ["Software Engineer", "Cloud Architect", "Security Engineer", "DevOps Engineer", "Data Scientist"]},
      {"Accenture": ["AI Consultant", "Software Engineer", "Cloud Engineer", "Business Analyst", "Cybersecurity Expert"]},
      {"Capgemini": ["Software Engineer", "Data Engineer", "Business Intelligence Analyst", "Cloud Architect", "Security Engineer"]},
      {"TCS": ["Software Developer", "Data Scientist", "AI Engineer", "Cloud Engineer", "Security Researcher"]},
      {"Infosys": ["Software Engineer", "Cloud Consultant", "Cybersecurity Engineer", "Product Manager", "Business Analyst"]},
      {"Wipro": ["Software Engineer", "AI Researcher", "Cloud Engineer", "Data Scientist", "Business Analyst"]},
      {"HCL": ["AI Engineer", "Software Engineer", "Cloud Developer", "Security Analyst", "Network Engineer"]},
      {"Nvidia": ["GPU Engineer", "Deep Learning Engineer", "AI Researcher", "Software Engineer", "Hardware Engineer"]},
      {"AMD": ["Chip Architect", "Embedded Systems Engineer", "Software Engineer", "Data Scientist", "AI Engineer"]},
      {"SpaceX": ["Aerospace Engineer", "Avionics Engineer", "Software Developer", "AI Engineer", "Mechanical Engineer"]},
      {"Boeing": ["Flight Systems Engineer", "Embedded Software Engineer", "AI Engineer", "Data Scientist", "Cybersecurity Analyst"]},
      {"Siemens": ["Automation Engineer", "Software Engineer", "Cloud Architect", "Cybersecurity Analyst", "AI Researcher"]},
      {"Qualcomm": ["Wireless Engineer", "Embedded Systems Engineer", "Software Developer", "AI Engineer", "Chip Designer"]},
      {"Huawei": ["5G Engineer", "Cybersecurity Researcher", "AI Researcher", "Software Engineer", "Cloud Architect"]},
      {"Ericsson": ["Telecom Engineer", "AI Researcher", "Software Developer", "Network Engineer", "Cloud Engineer"]},
      {"Zebra Technologies": ["Embedded Engineer", "AI Engineer", "Software Engineer", "Cloud Architect", "Security Analyst"]},
      {"Palantir": ["Data Engineer", "Software Engineer", "Cybersecurity Analyst", "AI Researcher", "DevOps Engineer"]}
    ]
  }